<?xml version="1.0" encoding="utf-8"?>
<resources>
    <drawable name="translate">#00000000</drawable>
    <color name="colorPrimary">#3F51B5</color>
    <color name="colorPrimaryDark">#303F9F</color>
    <color name="colorAccent">#FF4081</color>

    <color name="app_color_first">#1e88e5</color>
    <color name="app_color_second">#e57b1e</color>
    <color name="app_color_third">#ec172c</color>

    <color name="app_pro">#74b6ef</color>
    <color name="white_100">#ffffffff</color>
    <color name="white_80">#cdffffff</color>
    <color name="black_87">#de000000</color>
    <color name="black_54">#8a000000</color>
    <color name="white_54">#8affffff</color>
    <color name="white_60">#9cffffff</color>
    <color name="white_70">#b3ffffff</color>
    <color name="white_40">#66ffffff</color>
    <color name="white_50">#80ffffff</color>
    <color name="white_20">#33ffffff</color>
    <color name="white_25">#40ffffff</color>
    <color name="black_50">#80000000</color>
    <color name="black_35">#59000000</color>
    <color name="black_70">#b3000000</color>
    <color name="black_100">#ff000000</color>
    <color name="transparent">#00000000</color>

    <color name="main_circle_backg">#a5cff5</color>
    <color name="main_circle_first">#76ff03</color>
    <color name="main_circle_second">#fffd7a</color>
    <color name="main_circle_tired">#ff4242</color>

    <color name="manager_sort_text">#1e88e5</color>

    <color name="float_kaiguan">#42a5f5</color>
    <color name="widget_green">#0af059</color>
    <color name="widget_yellow">#ffa71a</color>
    <color name="widget_red">#fb3a3a</color>
    <color name="file_apk">#ee654e</color>
    <color name="file_zip">#66ba30</color>
    <color name="file_txt">#4ea7fd</color>
    <color name="file_music">#8b6df6</color>
    <color name="file_video">#7687c0</color>
    <color name="file_qita">#f6c43c</color>
    <color name="file_shengyu">#e0e0e0</color>

    <color name="gboost_1">#19e624</color>
    <color name="gboost_2">#f9c100</color>
    <color name="gboost_3">#f84a4a</color>


    <color name="A1">#2c8dea</color>
    <color name="A2">#f84a4a</color>
    <color name="A3">#19e624</color>
    <color name="A4">#f9c100</color>
    <color name="A5">#42a5f5</color>
    <color name="A6">#164797</color>
    <color name="A7">#b3164797</color>
    <color name="A8">#ffffff</color>
    <color name="A9">#000000</color>
    <color name="A10">#f5f7fd</color>
    <color name="B1">#e5e5e5</color>
    <color name="B2">#b3000000</color>
    <color name="B3">#8a000000</color>
    <color name="B4">#80a9cafb</color>
    <color name="B5">#fdd55a</color>
    <color name="B6">#45527a</color>
    <color name="B7">#82827a</color>
    <color name="B8">#33000000</color>
    <color name="B9">#f9f624</color>

</resources>