<resources>
    <!-- Default screen margins, per the Android Design guidelines. -->
    <dimen name="activity_horizontal_margin">16dp</dimen>
    <dimen name="activity_vertical_margin">16dp</dimen>

    <dimen name="main_t">311dp</dimen>
    <dimen name="main_6_anniu">184dp</dimen>
    <dimen name="main_4">16dp</dimen>
    <dimen name="d84">84dp</dimen>
    <dimen name="main_guard">225dp</dimen>

    <dimen name="circle_1">41dp</dimen>
    <dimen name="circle_yuan1">89dp</dimen>
    <dimen name="circle_yuan2">144dp</dimen>
    <dimen name="circle_yuan2_left">25dp</dimen>
    <dimen name="circle_yuan2_top">43dp</dimen>
    <dimen name="circle_yuan3">164dp</dimen>
    <dimen name="circle_yuan3_left">125dp</dimen>
    <dimen name="circle_yuan3_top">109dp</dimen>

    <dimen name="title_hight">56dp</dimen>
    <dimen name="file_yiji_item_hight">48dp</dimen>
    <dimen name="file_yiji_item_icon_width">62dp</dimen>
    <dimen name="file_yiji_item_text_size">13sp</dimen>
    <dimen name="file_yiji_item_yuji_size">11sp</dimen>
    <dimen name="file_yiji_item_pro_margin">16dp</dimen>

    <dimen name="full_ad_ad_image">200dp</dimen>
    <dimen name="full_ad__big_margin">11dp</dimen>
    <dimen name="full_ad__icon_size">72dp</dimen>
    <dimen name="full_ad__icon_margin_top">18dp</dimen>
    <dimen name="full_ad__title_text_size">21sp</dimen>
    <dimen name="full_ad__desc_text_size">18sp</dimen>
    <dimen name="full_ad__desc_text_margin">40dp</dimen>
    <dimen name="full_ad__desc_text_margin_top">14dp</dimen>
    <dimen name="full_ad__next_text_size">21sp</dimen>
    <dimen name="full_ad__next_text_margin">52dp</dimen>
    <dimen name="full_ad__ac_action_green_text_size">16sp</dimen>
    <dimen name="full_ad__ac_action_green_margin">28dp</dimen>
    <dimen name="full_ad__ac_action_green_margin_button">16dp</dimen>
    <dimen name="full_ad_ac_action_green_margin_top">14dp</dimen>
    <dimen name="full_ad_ad_next_margin_top">16dp</dimen>


    <dimen name="float_qiu_text_size">13sp</dimen>

    <dimen name="junk_ram_title">100dp</dimen>

    <dimen name="d72">72dp</dimen>
    <dimen name="d56">56dp</dimen>
    <dimen name="d3">3dp</dimen>
    <dimen name="d90">90dp</dimen>
    <dimen name="d95">95dp</dimen>
    <dimen name="d40">40dp</dimen>
    <dimen name="d100">100dp</dimen>
    <dimen name="d50">50dp</dimen>
    <dimen name="d2">2dp</dimen>
    <dimen name="d4">4dp</dimen>
    <dimen name="d8">8dp</dimen>
    <dimen name="d154">154dp</dimen>
    <dimen name="d10">10dp</dimen>
    <dimen name="d15">15dp</dimen>
    <dimen name="d121">121dp</dimen>
    <dimen name="d19">19dp</dimen>
    <dimen name="d5">5dp</dimen>
    <dimen name="d53">53dp</dimen>
    <dimen name="d18">18dp</dimen>
    <dimen name="d30">30dp</dimen>
    <dimen name="d16">16dp</dimen>
    <dimen name="d14">14dp</dimen>
    <dimen name="d9">9dp</dimen>
    <dimen name="d24">24dp</dimen>
    <dimen name="d17">17dp</dimen>
    <dimen name="d37">37dp</dimen>
    <dimen name="d160">160dp</dimen>
    <dimen name="d155">155dp</dimen>
    <dimen name="d280">280dp</dimen>
    <dimen name="d133">133dp</dimen>
    <dimen name="d13">13dp</dimen>
    <dimen name="d44">44dp</dimen>
    <dimen name="d12">12dp</dimen>
    <dimen name="d6">6dp</dimen>
    <dimen name="d333">333dp</dimen>
    <dimen name="d301">301dp</dimen>
    <dimen name="d109">109dp</dimen>
    <dimen name="d48">48dp</dimen>
    <dimen name="d29">29dp</dimen>
    <dimen name="d27">27dp</dimen>
    <dimen name="d120">120dp</dimen>
    <dimen name="d33">33dp</dimen>
    <dimen name="d32">32dp</dimen>
    <dimen name="d146">146dp</dimen>
    <dimen name="d61">61dp</dimen>
    <dimen name="d65">65dp</dimen>
    <dimen name="d39">39dp</dimen>
    <dimen name="d135">135dp</dimen>
    <dimen name="d190">190dp</dimen>
    <dimen name="d196">196dp</dimen>
    <dimen name="d36">36dp</dimen>
    <dimen name="d167">167dp</dimen>
    <dimen name="d67">67dp</dimen>
    <dimen name="d250">250dp</dimen>
    <dimen name="d168">168dp</dimen>
    <dimen name="d20">20dp</dimen>
    <dimen name="d217">217dp</dimen>
    <dimen name="d225">225dp</dimen>
    <dimen name="d141">141dp</dimen>
    <dimen name="d82">82dp</dimen>
    <dimen name="d112">112dp</dimen>
    <dimen name="d43">43dp</dimen>
    <dimen name="d46">46dp</dimen>
    <dimen name="d237">237dp</dimen>
    <dimen name="d1">1dp</dimen>
    <dimen name="d127">127dp</dimen>
    <dimen name="d26">26dp</dimen>
    <dimen name="d23">23dp</dimen>
    <dimen name="d176">176dp</dimen>
    <dimen name="d125">125dp</dimen>
    <dimen name="d208">208dp</dimen>
    <dimen name="d200">200dp</dimen>
    <dimen name="d288">288dp</dimen>
    <dimen name="d161">161dp</dimen>
    <dimen name="d275">275dp</dimen>
    <dimen name="d355">355dp</dimen>
    <dimen name="d500">500dp</dimen>


    <dimen name="s12">12sp</dimen>
    <dimen name="s16">16sp</dimen>
    <dimen name="s17">17sp</dimen>
    <dimen name="s24">24sp</dimen>
    <dimen name="s20">20sp</dimen>
    <dimen name="s21">21sp</dimen>
    <dimen name="s38">38sp</dimen>
    <dimen name="s11">11sp</dimen>
    <dimen name="s48">48sp</dimen>
    <dimen name="s13">13sp</dimen>
    <dimen name="s18">18sp</dimen>
    <dimen name="s15">15sp</dimen>
    <dimen name="s14">14sp</dimen>
    <dimen name="s8">8sp</dimen>
    <dimen name="s9">9sp</dimen>
    <dimen name="s10">10sp</dimen>
    <dimen name="s63">63sp</dimen>
    <dimen name="s30">30sp</dimen>

</resources>
