<resources>

    <!-- Base application theme. -->
    <style name="AppTheme" parent="Theme.AppCompat.Light.NoActionBar">
        <!-- Customize your theme here. -->
        <item name="colorPrimary">@color/colorPrimary</item>
        <item name="colorPrimaryDark">@color/colorPrimaryDark</item>
        <item name="colorAccent">@color/colorAccent</item>
        <item name="android:windowBackground">@color/white_100</item>
    </style>

    <style name="Transparent" parent="AppTheme">
        <item name="android:windowBackground">@android:color/transparent</item>
        <item name="android:windowIsTranslucent">true</item>
        <item name="android:windowNoTitle">true</item>
        <!--<item name="android:backgroundDimEnabled">true</item>-->
    </style>

    <style name="PrivacyStyle" parent="Theme.AppCompat.Light.NoActionBar">
        <item name="android:activityOpenEnterAnimation">@anim/right_in</item>
        <item name="android:activityOpenExitAnimation">@anim/left_out</item>
        <item name="android:activityCloseEnterAnimation">@anim/left_in</item>
        <item name="android:activityCloseExitAnimation">@anim/right_out</item>
    </style>

    <style name="tablayout_textSize" parent="TextAppearance.AppCompat.Widget.ActionBar.Title.Inverse">
        <item name="android:textSize">@dimen/s17</item>
    </style>

    <style name="dialog_anim" parent="@android:style/Animation">
        <item name="android:windowEnterAnimation">@anim/dia_appear</item>
        <item name="android:windowExitAnimation">@anim/dia_disappear</item>
    </style>

    <style name="add_dialog" parent="@android:style/Theme.Dialog">
        <item name="android:windowFrame">@null</item>
        <item name="android:windowIsFloating">true</item>
        <item name="android:windowIsTranslucent">false</item>
        <item name="android:windowFullscreen">true</item>
        <item name="android:windowNoTitle">true</item>
        <item name="android:background">#00000000</item>
        <item name="android:windowBackground">@android:color/transparent</item>
        <item name="android:backgroundDimEnabled">false</item>
    </style>

    <style name="PrivacyCheckboxTheme">
        <item name="android:button">@drawable/privacy_checkbox_style</item>
    </style>

    <style name="PrivacyCheckboxTheme1">
        <item name="android:button">@drawable/privacy_checkbox_style</item>
    </style>

    <style name="LanguageCheckboxTheme">
        <item name="android:button">@drawable/language_checkbox_style</item>
    </style>
</resources>
